"","x"
"1",NA
"2",NA
"3",NA
"4","ohio"
"5",NA
"6",NA
"7","kansas"
"8",NA
"9","georgia"
"10",NA
"11",NA
"12",NA
"13",NA
"14","california"
"15","ohio"
"16",NA
"17",NA
"18","wisconsin"
"19",NA
"20","michigan"
"21",NA
"22",NA
"23",NA
"24","kansas"
"25",NA
"26",NA
"27","connecticut"
"28",NA
"29","utah"
"30",NA
"31",NA
"32","pennsylvania"
"33",NA
"34",NA
"35","kansas"
"36","texas"
"37",NA
"38",NA
"39",NA
"40","minnesota"
"41","oklahoma"
"42","texas"
"43","connecticut"
"44",NA
"45","west virginia"
"46",NA
"47",NA
"48",NA
"49","michigan"
"50",NA
"51","maryland"
"52",NA
"53","illinois"
"54","illinois"
"55",NA
"56","new jersey"
"57","district of columbia"
"58",NA
"59","california"
"60",NA
"61",NA
"62",NA
"63",NA
"64","california"
"65",NA
"66",NA
"67",NA
"68",NA
"69",NA
"70",NA
"71",NA
"72",NA
"73","florida"
"74",NA
"75","south dakota"
"76","maryland"
"77","north carolina"
"78",NA
"79",NA
"80",NA
"81","wyoming"
"82",NA
"83","new mexico"
"84",NA
"85","delaware"
"86",NA
"87","florida"
"88",NA
"89","kansas"
"90",NA
"91","texas"
"92",NA
"93",NA
"94",NA
"95","minnesota"
"96","south carolina"
"97","maryland"
"98",NA
"99","illinois"
"100","ohio"
"101",NA
"102","texas"
"103",NA
"104",NA
"105","massachusetts"
"106",NA
"107","kansas"
"108",NA
"109","kansas"
"110",NA
"111",NA
"112",NA
"113","illinois"
"114","michigan"
"115","california"
"116","kentucky"
"117","california"
"118",NA
"119","kentucky"
"120","kansas"
"121",NA
"122","pennsylvania"
"123",NA
"124","california"
"125","oklahoma"
"126",NA
"127",NA
"128",NA
"129","california"
"130","rhode island"
"131",NA
"132",NA
"133",NA
"134","massachusetts"
"135","nevada"
"136",NA
"137","california"
"138",NA
"139","georgia"
"140","kansas"
"141","louisiana"
"142",NA
"143","ohio"
"144",NA
"145",NA
"146",NA
"147","kansas"
"148",NA
"149",NA
"150",NA
"151",NA
"152",NA
"153","california"
"154","connecticut"
"155","kentucky"
"156",NA
"157","florida"
"158","kansas"
"159","district of columbia"
"160",NA
"161","virginia"
"162",NA
"163",NA
"164","illinois"
"165",NA
"166","kentucky"
"167",NA
"168","oklahoma"
"169","california"
"170",NA
"171",NA
"172",NA
"173","kansas"
"174",NA
"175","california"
"176",NA
"177","florida"
"178",NA
"179",NA
"180","california"
"181","pennsylvania"
"182",NA
"183","kansas"
"184",NA
"185","utah"
"186","missouri"
"187","pennsylvania"
"188",NA
"189",NA
"190",NA
"191",NA
"192",NA
"193",NA
"194",NA
"195",NA
"196",NA
"197",NA
"198","texas"
"199",NA
"200","utah"
"201",NA
"202","massachusetts"
"203",NA
"204",NA
"205",NA
"206",NA
"207",NA
"208",NA
"209",NA
"210","california"
"211","maryland"
"212",NA
"213",NA
"214",NA
"215","florida"
"216","texas"
"217",NA
"218","oregon"
"219","kansas"
"220",NA
"221","kansas"
"222",NA
"223",NA
"224",NA
"225","nebraska"
"226","alabama"
"227","arizona"
"228","michigan"
"229","vermont"
"230","florida"
"231","kansas"
"232",NA
"233","iowa"
"234","georgia"
"235","michigan"
"236","oklahoma"
"237",NA
"238","illinois"
"239",NA
"240","texas"
"241",NA
"242","kentucky"
"243","massachusetts"
"244","kansas"
"245","california"
"246","ohio"
"247","new mexico"
"248",NA
"249","wisconsin"
"250","ohio"
"251",NA
"252","north dakota"
"253",NA
"254","ohio"
"255",NA
"256",NA
"257",NA
"258",NA
"259","illinois"
"260","kansas"
"261",NA
"262","california"
"263","maryland"
"264","nebraska"
"265","oregon"
"266","california"
"267","north carolina"
"268","maryland"
"269","california"
"270","district of columbia"
"271",NA
"272","kansas"
"273","florida"
"274","ohio"
"275","louisiana"
"276","california"
"277","district of columbia"
"278",NA
"279",NA
"280",NA
"281",NA
"282","arkansas"
"283",NA
"284","kansas"
"285","wisconsin"
"286","wisconsin"
"287","illinois"
"288",NA
"289","texas"
"290",NA
"291",NA
"292","connecticut"
"293",NA
"294",NA
"295",NA
"296",NA
"297","wisconsin"
"298","massachusetts"
"299","illinois"
"300","michigan"
"301",NA
"302",NA
"303",NA
"304","mississippi"
"305",NA
"306",NA
"307","district of columbia"
"308",NA
"309","pennsylvania"
"310","maryland"
"311",NA
"312",NA
"313","florida"
"314","california"
"315",NA
"316","virginia"
"317","massachusetts"
"318","virginia"
"319","district of columbia"
"320",NA
"321",NA
"322",NA
"323",NA
"324",NA
"325","district of columbia"
"326",NA
"327",NA
"328",NA
"329","new york"
"330","texas"
"331","utah"
"332",NA
"333",NA
"334","kansas"
"335",NA
"336",NA
"337","south carolina"
"338",NA
"339",NA
"340",NA
"341",NA
"342",NA
"343",NA
"344","kansas"
"345",NA
"346",NA
"347","arizona"
"348",NA
"349",NA
"350","north carolina"
"351","nevada"
"352","missouri"
"353","virginia"
"354",NA
"355",NA
"356",NA
"357","kansas"
"358","maryland"
"359",NA
"360",NA
"361","connecticut"
"362",NA
"363","minnesota"
"364","texas"
"365",NA
"366",NA
"367","california"
"368","illinois"
"369",NA
"370","minnesota"
"371","georgia"
"372","florida"
"373",NA
"374","illinois"
"375","texas"
"376",NA
"377",NA
"378","kansas"
"379",NA
"380",NA
"381","indiana"
"382","kansas"
"383",NA
"384","pennsylvania"
"385","kansas"
"386","new york"
"387","colorado"
"388",NA
"389",NA
"390","kansas"
"391","california"
"392",NA
"393",NA
"394",NA
"395","iowa"
"396",NA
"397",NA
"398","illinois"
"399","texas"
"400","kansas"
"401","texas"
"402","georgia"
"403","north dakota"
"404","texas"
"405",NA
"406","idaho"
"407","louisiana"
"408",NA
"409",NA
"410","indiana"
"411",NA
"412","california"
"413",NA
"414","massachusetts"
"415",NA
"416","texas"
"417","california"
"418",NA
"419","arizona"
"420",NA
"421",NA
"422",NA
"423","new jersey"
"424","north carolina"
"425",NA
"426","massachusetts"
"427","minnesota"
"428",NA
"429","iowa"
"430",NA
"431","rhode island"
"432",NA
"433","kansas"
"434","kansas"
"435","north dakota"
"436","kansas"
"437","california"
"438",NA
"439","minnesota"
"440","minnesota"
"441",NA
"442","south dakota"
"443","south dakota"
"444",NA
"445","missouri"
"446","kansas"
"447",NA
"448","massachusetts"
"449","illinois"
"450",NA
"451","ohio"
"452","illinois"
"453","georgia"
"454","iowa"
"455","kansas"
"456","pennsylvania"
"457","kansas"
"458",NA
"459",NA
"460","new york"
"461",NA
"462","florida"
"463",NA
"464",NA
"465","massachusetts"
"466","missouri"
"467",NA
"468","iowa"
"469",NA
"470",NA
"471","illinois"
"472","utah"
"473","texas"
"474","missouri"
"475",NA
"476","new jersey"
"477",NA
"478",NA
"479",NA
"480","west virginia"
"481","virginia"
"482","texas"
"483","maryland"
"484","new jersey"
"485","maryland"
"486",NA
"487",NA
"488","district of columbia"
"489",NA
"490","illinois"
"491",NA
"492",NA
"493",NA
"494",NA
"495","arizona"
"496","pennsylvania"
"497","kansas"
"498","delaware"
"499","oklahoma"
"500",NA
"501","california"
"502","illinois"
"503","kansas"
"504","oklahoma"
"505","kansas"
"506","california"
"507",NA
"508","kansas"
"509","massachusetts"
"510",NA
"511","texas"
"512","texas"
"513","new york"
"514","wisconsin"
"515","kansas"
"516",NA
"517","north dakota"
"518","nebraska"
"519",NA
"520","california"
"521","north carolina"
"522",NA
"523",NA
"524","ohio"
"525","texas"
"526","new york"
"527","north carolina"
"528","ohio"
"529",NA
"530","missouri"
"531","north carolina"
"532","connecticut"
"533","connecticut"
"534","connecticut"
"535",NA
"536","south dakota"
"537",NA
"538",NA
"539","virginia"
"540","wisconsin"
"541","delaware"
"542",NA
"543","wisconsin"
"544",NA
"545","illinois"
"546",NA
"547",NA
"548","ohio"
"549",NA
"550",NA
"551",NA
"552","nebraska"
"553",NA
"554",NA
"555",NA
"556","delaware"
"557",NA
"558","texas"
"559","kansas"
"560","california"
"561","georgia"
"562","michigan"
"563",NA
"564","kansas"
"565","florida"
"566",NA
"567",NA
"568","district of columbia"
"569",NA
"570",NA
"571",NA
"572",NA
"573","california"
"574",NA
"575","new york"
"576",NA
"577","new york"
"578","massachusetts"
"579","georgia"
"580","kentucky"
"581","district of columbia"
"582",NA
"583","florida"
"584",NA
"585",NA
"586",NA
"587",NA
"588",NA
"589",NA
"590","washington"
"591",NA
"592","california"
"593","kansas"
"594","michigan"
"595","california"
"596",NA
"597",NA
"598","kansas"
"599",NA
"600",NA
"601","michigan"
"602","pennsylvania"
"603",NA
"604",NA
"605",NA
"606","texas"
"607","tennessee"
"608","indiana"
"609","kansas"
"610",NA
"611",NA
"612","indiana"
"613","north dakota"
"614","texas"
"615","florida"
"616","kansas"
"617",NA
"618","missouri"
"619","new york"
"620","wyoming"
"621",NA
"622","texas"
"623","wisconsin"
"624",NA
"625","district of columbia"
"626",NA
"627","connecticut"
"628","texas"
"629",NA
"630",NA
"631","florida"
"632",NA
"633","georgia"
"634","new york"
"635",NA
"636","illinois"
"637",NA
"638","iowa"
"639","new mexico"
"640","kentucky"
"641","iowa"
"642","oklahoma"
"643","georgia"
"644",NA
"645",NA
"646","texas"
"647",NA
"648",NA
"649",NA
"650",NA
"651","new york"
"652","california"
"653","california"
"654",NA
"655","colorado"
"656","texas"
"657",NA
"658",NA
"659","oregon"
"660",NA
"661","texas"
"662",NA
"663","iowa"
"664",NA
"665","kansas"
"666","mississippi"
"667","new york"
"668","california"
"669",NA
"670",NA
"671",NA
"672","indiana"
"673",NA
"674",NA
"675",NA
"676","missouri"
"677","arkansas"
"678","utah"
"679",NA
"680",NA
"681",NA
"682","wisconsin"
"683","maryland"
"684","california"
"685","pennsylvania"
"686","maryland"
"687","kansas"
"688","massachusetts"
"689","texas"
"690",NA
"691",NA
"692","kansas"
"693","iowa"
"694","virginia"
"695","utah"
"696",NA
"697","florida"
"698","kansas"
"699",NA
"700",NA
"701",NA
"702",NA
"703","minnesota"
"704","kentucky"
"705","wisconsin"
"706","ohio"
"707","ohio"
"708","north carolina"
"709",NA
"710",NA
"711","massachusetts"
"712","oregon"
"713",NA
"714",NA
"715","nevada"
"716",NA
"717","kansas"
"718",NA
"719",NA
"720","texas"
"721","kansas"
"722",NA
"723",NA
"724",NA
"725",NA
"726",NA
"727",NA
"728","texas"
"729",NA
"730",NA
"731",NA
"732","ohio"
"733","nebraska"
"734","iowa"
"735",NA
"736",NA
"737",NA
"738",NA
"739","pennsylvania"
"740","florida"
"741",NA
"742","wisconsin"
"743",NA
"744","wisconsin"
"745",NA
"746",NA
"747","colorado"
"748","pennsylvania"
"749","oklahoma"
"750",NA
"751","california"
"752","kansas"
"753",NA
"754",NA
"755","florida"
"756",NA
"757","pennsylvania"
"758",NA
"759","texas"
"760","michigan"
"761","colorado"
"762",NA
"763",NA
"764",NA
"765",NA
"766","virginia"
"767",NA
"768","florida"
"769",NA
"770","texas"
"771",NA
"772","district of columbia"
"773","iowa"
"774","minnesota"
"775","new jersey"
"776",NA
"777",NA
"778","kentucky"
"779",NA
"780","nevada"
"781","texas"
"782","georgia"
"783","wisconsin"
"784",NA
"785",NA
"786",NA
"787",NA
"788","north carolina"
"789",NA
"790","north carolina"
"791",NA
"792",NA
"793","new york"
"794",NA
"795","indiana"
"796",NA
"797",NA
"798","massachusetts"
"799",NA
"800","georgia"
"801",NA
"802",NA
"803","maryland"
"804",NA
"805","indiana"
"806",NA
"807",NA
"808","indiana"
"809",NA
"810",NA
"811",NA
"812","illinois"
"813","illinois"
"814",NA
"815",NA
"816",NA
"817",NA
"818","ohio"
"819",NA
"820",NA
"821",NA
"822","california"
"823",NA
"824",NA
"825",NA
"826","idaho"
"827","illinois"
"828",NA
"829","minnesota"
"830",NA
"831",NA
"832",NA
"833","utah"
"834",NA
"835","wisconsin"
"836",NA
"837",NA
"838",NA
"839",NA
"840",NA
"841","oklahoma"
"842","kentucky"
"843",NA
"844",NA
"845","kansas"
"846",NA
"847",NA
"848",NA
"849","nevada"
"850","indiana"
"851",NA
"852",NA
"853",NA
"854","florida"
"855","district of columbia"
"856","texas"
"857",NA
"858",NA
"859",NA
"860",NA
"861",NA
"862",NA
"863","maryland"
"864","texas"
"865","iowa"
"866","georgia"
"867","maryland"
"868",NA
"869",NA
"870","ohio"
"871",NA
"872","new york"
"873","texas"
"874","georgia"
"875","north dakota"
"876","iowa"
"877",NA
"878","nevada"
"879",NA
"880","missouri"
"881",NA
"882","minnesota"
"883","colorado"
"884","colorado"
"885",NA
"886","maryland"
"887","illinois"
"888","minnesota"
"889","florida"
"890",NA
"891",NA
"892","california"
"893",NA
"894","kansas"
"895","kansas"
"896","colorado"
"897","kentucky"
"898","iowa"
"899",NA
"900",NA
"901","arizona"
"902","texas"
"903","virginia"
"904","north carolina"
"905","oklahoma"
"906","ohio"
"907",NA
"908","illinois"
"909",NA
"910",NA
"911",NA
"912",NA
"913","kansas"
"914",NA
"915","georgia"
"916","rhode island"
"917",NA
"918",NA
"919","iowa"
"920","connecticut"
"921",NA
"922",NA
"923","missouri"
"924",NA
"925","illinois"
"926",NA
"927",NA
"928",NA
"929",NA
"930",NA
"931","colorado"
"932",NA
"933",NA
"934",NA
"935",NA
"936","north carolina"
"937",NA
"938","texas"
"939","pennsylvania"
"940","georgia"
"941","georgia"
"942","missouri"
"943","california"
"944","missouri"
"945","michigan"
"946",NA
"947",NA
"948",NA
"949",NA
"950","kansas"
"951",NA
"952",NA
"953",NA
"954","delaware"
"955",NA
"956",NA
"957",NA
"958",NA
"959","missouri"
"960",NA
"961","colorado"
"962",NA
"963","maryland"
"964",NA
"965",NA
"966","illinois"
"967","michigan"
"968","maryland"
"969","district of columbia"
"970","virginia"
"971",NA
"972",NA
"973",NA
"974","illinois"
"975","pennsylvania"
"976",NA
"977",NA
"978","texas"
"979","texas"
"980","virginia"
"981","kansas"
"982",NA
"983",NA
"984",NA
"985","new hampshire"
"986","pennsylvania"
"987","georgia"
"988","virginia"
"989",NA
"990",NA
"991",NA
"992",NA
"993",NA
"994","oklahoma"
"995",NA
"996",NA
"997",NA
"998",NA
"999",NA
"1000",NA
"1001",NA
"1002","michigan"
"1003","minnesota"
"1004",NA
"1005","new york"
"1006","new york"
"1007",NA
"1008",NA
"1009","wisconsin"
"1010","florida"
"1011",NA
"1012",NA
"1013",NA
"1014","kansas"
"1015",NA
"1016",NA
"1017",NA
"1018",NA
"1019","district of columbia"
"1020",NA
"1021",NA
"1022","pennsylvania"
"1023","kansas"
"1024",NA
"1025",NA
"1026",NA
"1027",NA
"1028","minnesota"
"1029",NA
"1030",NA
"1031","colorado"
"1032",NA
"1033",NA
"1034",NA
"1035",NA
"1036",NA
"1037",NA
"1038",NA
"1039",NA
"1040",NA
"1041","arizona"
"1042",NA
"1043",NA
"1044",NA
"1045",NA
"1046",NA
"1047",NA
"1048",NA
"1049",NA
"1050",NA
"1051",NA
"1052",NA
"1053","iowa"
"1054",NA
"1055",NA
"1056",NA
"1057",NA
"1058",NA
"1059",NA
"1060",NA
"1061",NA
"1062",NA
"1063","illinois"
"1064",NA
"1065",NA
"1066",NA
"1067",NA
"1068","illinois"
"1069","florida"
"1070","illinois"
"1071",NA
"1072","tennessee"
"1073",NA
"1074",NA
"1075",NA
"1076","pennsylvania"
"1077",NA
"1078",NA
"1079",NA
"1080",NA
"1081",NA
"1082",NA
"1083","california"
"1084",NA
"1085",NA
"1086",NA
"1087",NA
"1088",NA
"1089",NA
"1090","texas"
"1091",NA
"1092","illinois"
"1093","maryland"
"1094",NA
"1095",NA
"1096","illinois"
"1097","florida"
"1098",NA
"1099","arizona"
"1100","alabama"
"1101","kansas"
"1102","illinois"
"1103",NA
"1104",NA
"1105",NA
"1106",NA
"1107","illinois"
"1108",NA
"1109",NA
"1110","illinois"
"1111","washington"
"1112",NA
"1113","kansas"
"1114",NA
"1115",NA
"1116",NA
"1117",NA
"1118",NA
"1119",NA
"1120","ohio"
"1121",NA
"1122","minnesota"
"1123",NA
"1124",NA
"1125",NA
"1126",NA
"1127","california"
"1128",NA
"1129",NA
"1130","indiana"
"1131",NA
"1132","missouri"
"1133","michigan"
"1134",NA
"1135",NA
"1136","north carolina"
"1137",NA
"1138",NA
"1139",NA
"1140","florida"
"1141",NA
"1142",NA
"1143",NA
"1144","louisiana"
"1145",NA
"1146","kansas"
"1147","oklahoma"
"1148",NA
"1149",NA
"1150",NA
"1151",NA
"1152","illinois"
"1153",NA
"1154","kansas"
"1155",NA
"1156",NA
"1157",NA
"1158",NA
"1159",NA
"1160",NA
"1161",NA
"1162",NA
"1163",NA
"1164",NA
"1165",NA
"1166",NA
"1167",NA
"1168",NA
"1169",NA
"1170","california"
"1171","arizona"
"1172","wisconsin"
"1173","delaware"
"1174",NA
"1175",NA
"1176",NA
"1177","ohio"
"1178","indiana"
"1179",NA
"1180",NA
"1181","illinois"
"1182","kansas"
"1183",NA
"1184",NA
"1185",NA
"1186",NA
"1187",NA
"1188",NA
"1189",NA
"1190",NA
"1191",NA
"1192",NA
"1193","new jersey"
"1194",NA
"1195",NA
"1196",NA
"1197","indiana"
"1198",NA
"1199",NA
"1200",NA
"1201","texas"
"1202",NA
"1203",NA
"1204",NA
"1205",NA
"1206",NA
"1207",NA
"1208","pennsylvania"
"1209",NA
"1210","minnesota"
"1211","new jersey"
"1212",NA
"1213",NA
"1214",NA
"1215",NA
"1216","nevada"
"1217",NA
"1218","north dakota"
"1219",NA
"1220","texas"
"1221",NA
"1222",NA
"1223","massachusetts"
"1224",NA
"1225",NA
"1226",NA
"1227",NA
"1228",NA
"1229",NA
"1230","new jersey"
"1231",NA
"1232",NA
"1233","washington"
"1234","texas"
"1235",NA
"1236",NA
"1237","colorado"
"1238",NA
"1239",NA
"1240",NA
"1241",NA
"1242",NA
"1243",NA
"1244","washington"
"1245",NA
"1246",NA
"1247",NA
"1248",NA
"1249",NA
"1250",NA
"1251",NA
"1252","illinois"
"1253",NA
"1254",NA
"1255",NA
"1256",NA
"1257","ohio"
"1258",NA
"1259",NA
"1260",NA
"1261","district of columbia"
"1262",NA
"1263",NA
"1264","idaho"
"1265",NA
"1266",NA
"1267","georgia"
"1268","texas"
"1269",NA
"1270","massachusetts"
"1271",NA
"1272",NA
"1273",NA
"1274",NA
"1275","california"
"1276",NA
"1277",NA
"1278",NA
"1279",NA
"1280",NA
"1281",NA
"1282",NA
"1283","new york"
"1284",NA
"1285",NA
"1286",NA
"1287",NA
"1288",NA
"1289","virginia"
"1290",NA
"1291","district of columbia"
"1292",NA
"1293",NA
"1294",NA
"1295",NA
"1296",NA
"1297","nevada"
"1298",NA
"1299","new york"
"1300",NA
"1301",NA
"1302",NA
"1303",NA
"1304",NA
"1305",NA
"1306",NA
"1307",NA
"1308",NA
"1309",NA
"1310",NA
"1311",NA
"1312","north dakota"
"1313",NA
"1314",NA
"1315",NA
"1316",NA
"1317",NA
"1318",NA
"1319",NA
"1320",NA
"1321","california"
"1322",NA
"1323",NA
"1324",NA
"1325",NA
"1326","illinois"
"1327",NA
"1328",NA
"1329",NA
"1330",NA
"1331",NA
"1332","utah"
"1333",NA
"1334",NA
"1335","california"
"1336","minnesota"
"1337",NA
"1338",NA
"1339",NA
"1340",NA
"1341",NA
"1342","kentucky"
"1343",NA
"1344","kansas"
"1345",NA
"1346",NA
"1347",NA
"1348",NA
"1349",NA
"1350",NA
"1351",NA
"1352",NA
"1353",NA
"1354",NA
"1355","texas"
"1356",NA
"1357",NA
"1358",NA
"1359","california"
"1360",NA
"1361",NA
"1362",NA
"1363",NA
"1364",NA
"1365",NA
"1366","district of columbia"
"1367",NA
"1368",NA
"1369",NA
"1370",NA
"1371",NA
"1372",NA
"1373",NA
"1374","district of columbia"
"1375",NA
"1376",NA
"1377",NA
"1378",NA
"1379",NA
"1380",NA
"1381",NA
"1382","south carolina"
"1383",NA
"1384",NA
"1385",NA
"1386",NA
"1387",NA
"1388",NA
"1389",NA
"1390",NA
"1391",NA
"1392","north dakota"
"1393","north dakota"
"1394",NA
"1395",NA
"1396","florida"
"1397",NA
"1398",NA
"1399",NA
"1400",NA
"1401","georgia"
"1402",NA
"1403",NA
"1404","illinois"
"1405",NA
"1406",NA
"1407",NA
"1408",NA
"1409","california"
"1410",NA
"1411",NA
"1412",NA
"1413",NA
"1414",NA
"1415","utah"
"1416",NA
"1417","delaware"
"1418",NA
"1419",NA
"1420",NA
"1421",NA
"1422",NA
"1423",NA
"1424","new jersey"
"1425","iowa"
"1426","ohio"
"1427",NA
"1428",NA
"1429","kansas"
"1430","florida"
"1431","new york"
"1432","tennessee"
"1433",NA
"1434",NA
"1435","california"
"1436","california"
"1437",NA
"1438",NA
"1439",NA
"1440","georgia"
"1441","kansas"
"1442",NA
"1443","maryland"
"1444","california"
"1445",NA
"1446",NA
"1447","pennsylvania"
"1448","kentucky"
"1449",NA
"1450","illinois"
"1451",NA
"1452","wisconsin"
"1453","missouri"
"1454","kansas"
"1455","new york"
"1456","texas"
"1457",NA
"1458","california"
"1459","kansas"
"1460",NA
"1461","arizona"
"1462",NA
"1463",NA
"1464",NA
"1465","texas"
"1466","kentucky"
"1467",NA
"1468","illinois"
"1469",NA
"1470","kentucky"
"1471",NA
"1472","michigan"
"1473",NA
"1474","florida"
"1475",NA
"1476",NA
"1477",NA
"1478",NA
"1479",NA
"1480",NA
"1481",NA
"1482","oregon"
"1483","kansas"
"1484","missouri"
"1485",NA
"1486","kansas"
"1487","indiana"
"1488",NA
"1489","georgia"
"1490","north carolina"
"1491",NA
"1492","south carolina"
"1493",NA
"1494","nebraska"
"1495","new jersey"
"1496",NA
"1497",NA
"1498","arkansas"
"1499","texas"
"1500",NA
"1501",NA
"1502",NA
"1503",NA
"1504",NA
"1505",NA
"1506",NA
"1507",NA
"1508","kansas"
"1509","ohio"
"1510",NA
"1511","utah"
"1512",NA
"1513",NA
"1514",NA
"1515","new york"
"1516",NA
"1517","connecticut"
"1518",NA
"1519","iowa"
"1520","kansas"
"1521","michigan"
"1522",NA
"1523","massachusetts"
"1524","illinois"
"1525",NA
"1526",NA
"1527",NA
"1528",NA
"1529","louisiana"
"1530","california"
"1531","georgia"
"1532","massachusetts"
"1533","district of columbia"
"1534",NA
"1535",NA
"1536","utah"
"1537","maryland"
"1538",NA
"1539",NA
"1540","maryland"
"1541","utah"
"1542","indiana"
"1543","georgia"
"1544","montana"
"1545","wisconsin"
"1546",NA
"1547","michigan"
"1548","kansas"
"1549",NA
"1550",NA
"1551",NA
"1552","kansas"
"1553",NA
"1554",NA
"1555","new jersey"
"1556","missouri"
"1557",NA
"1558",NA
"1559",NA
"1560",NA
"1561",NA
"1562","new jersey"
"1563","texas"
"1564","wisconsin"
"1565",NA
"1566","ohio"
"1567",NA
"1568","connecticut"
"1569",NA
"1570","kansas"
"1571",NA
"1572",NA
"1573",NA
"1574","georgia"
"1575","maryland"
"1576","new jersey"
"1577","new mexico"
"1578",NA
"1579",NA
"1580",NA
"1581","texas"
"1582","new york"
"1583","arkansas"
"1584","michigan"
"1585",NA
"1586","maryland"
"1587","michigan"
"1588","north carolina"
"1589","utah"
"1590","florida"
"1591","wisconsin"
"1592","district of columbia"
"1593",NA
"1594",NA
"1595","north carolina"
"1596","michigan"
"1597","michigan"
"1598",NA
"1599","michigan"
"1600","colorado"
"1601",NA
"1602","kansas"
"1603",NA
"1604",NA
"1605","pennsylvania"
"1606","iowa"
"1607",NA
"1608",NA
"1609","tennessee"
"1610","virginia"
"1611",NA
"1612",NA
"1613","maryland"
"1614",NA
"1615","kansas"
"1616","minnesota"
"1617",NA
"1618","new jersey"
"1619","kansas"
"1620","michigan"
"1621","kansas"
"1622","wisconsin"
"1623","kansas"
"1624","missouri"
"1625",NA
"1626","indiana"
"1627","florida"
"1628","massachusetts"
"1629",NA
"1630",NA
"1631","new york"
"1632",NA
"1633",NA
"1634",NA
"1635",NA
"1636",NA
"1637","tennessee"
"1638","tennessee"
"1639",NA
"1640",NA
"1641","oklahoma"
"1642",NA
"1643",NA
"1644","oklahoma"
"1645",NA
"1646",NA
"1647",NA
"1648","nevada"
"1649","new york"
"1650",NA
"1651",NA
"1652","new jersey"
"1653",NA
"1654","california"
"1655",NA
"1656","california"
"1657",NA
"1658","california"
"1659","minnesota"
"1660","oregon"
"1661",NA
"1662",NA
"1663","idaho"
"1664",NA
"1665","louisiana"
"1666","kansas"
"1667","california"
"1668",NA
"1669",NA
"1670",NA
"1671","missouri"
"1672",NA
"1673","missouri"
"1674","arkansas"
"1675",NA
"1676",NA
"1677","washington"
"1678",NA
"1679","indiana"
"1680","maryland"
"1681",NA
"1682","missouri"
"1683","california"
"1684","michigan"
"1685","colorado"
"1686","california"
"1687",NA
"1688","district of columbia"
"1689","kansas"
"1690","kansas"
"1691","kansas"
"1692",NA
"1693",NA
"1694",NA
"1695","indiana"
"1696",NA
"1697",NA
"1698","new york"
"1699",NA
"1700","indiana"
"1701","pennsylvania"
"1702","missouri"
"1703","indiana"
"1704","minnesota"
"1705",NA
"1706",NA
"1707","minnesota"
"1708","texas"
"1709","minnesota"
"1710","ohio"
"1711","minnesota"
"1712",NA
"1713","minnesota"
"1714",NA
"1715","illinois"
"1716","oklahoma"
"1717",NA
"1718",NA
"1719","ohio"
"1720",NA
"1721","rhode island"
"1722","iowa"
"1723","kansas"
"1724","north carolina"
"1725",NA
"1726","ohio"
"1727","maine"
"1728","ohio"
"1729","kansas"
"1730",NA
"1731","idaho"
"1732",NA
"1733",NA
"1734","arizona"
"1735",NA
"1736","kansas"
"1737",NA
"1738",NA
"1739",NA
"1740","kansas"
"1741",NA
"1742",NA
"1743","california"
"1744","kansas"
"1745",NA
"1746","minnesota"
"1747",NA
"1748","kansas"
"1749","tennessee"
"1750",NA
"1751",NA
"1752",NA
"1753",NA
"1754",NA
"1755","oklahoma"
"1756","indiana"
"1757",NA
"1758",NA
"1759","missouri"
"1760","missouri"
"1761",NA
"1762","pennsylvania"
"1763","utah"
"1764",NA
"1765",NA
"1766","new jersey"
"1767",NA
"1768",NA
"1769",NA
"1770",NA
"1771",NA
"1772",NA
"1773","missouri"
"1774",NA
"1775","wyoming"
"1776","kansas"
"1777",NA
"1778",NA
"1779","texas"
"1780","missouri"
"1781",NA
"1782","missouri"
"1783",NA
"1784","pennsylvania"
"1785","massachusetts"
"1786","texas"
"1787",NA
"1788",NA
"1789",NA
"1790",NA
"1791","virginia"
"1792",NA
"1793","missouri"
"1794",NA
"1795",NA
"1796",NA
"1797","kansas"
"1798","colorado"
"1799","california"
"1800",NA
"1801",NA
"1802","north dakota"
"1803","nebraska"
"1804",NA
"1805","missouri"
"1806",NA
"1807",NA
"1808","missouri"
"1809",NA
"1810",NA
"1811",NA
"1812",NA
"1813",NA
"1814",NA
"1815","delaware"
"1816","missouri"
"1817","california"
"1818","missouri"
"1819","missouri"
"1820","florida"
"1821","massachusetts"
"1822",NA
"1823","kansas"
"1824","colorado"
"1825",NA
"1826","texas"
"1827",NA
"1828",NA
"1829",NA
"1830",NA
"1831",NA
"1832","district of columbia"
"1833",NA
"1834",NA
"1835","pennsylvania"
"1836",NA
"1837","south carolina"
"1838","kansas"
"1839",NA
"1840",NA
"1841","missouri"
"1842",NA
"1843","tennessee"
"1844",NA
"1845","delaware"
"1846",NA
"1847","montana"
"1848",NA
"1849","wisconsin"
"1850",NA
"1851","minnesota"
"1852","texas"
"1853",NA
"1854",NA
"1855",NA
"1856",NA
"1857","michigan"
"1858",NA
"1859","michigan"
"1860",NA
"1861","oklahoma"
"1862","south dakota"
"1863",NA
"1864",NA
"1865",NA
"1866",NA
"1867",NA
"1868","georgia"
"1869","kansas"
"1870","kansas"
"1871","kansas"
"1872",NA
"1873","ohio"
"1874","kansas"
"1875",NA
"1876",NA
"1877",NA
"1878",NA
"1879","wisconsin"
"1880",NA
"1881","california"
"1882","iowa"
"1883",NA
"1884","texas"
"1885","illinois"
"1886","wisconsin"
"1887",NA
"1888","texas"
"1889","kansas"
"1890",NA
"1891","georgia"
"1892","missouri"
"1893","iowa"
"1894",NA
"1895","north dakota"
"1896",NA
"1897","colorado"
"1898",NA
"1899",NA
"1900","iowa"
"1901",NA
"1902",NA
"1903","kentucky"
"1904",NA
"1905","arkansas"
"1906",NA
"1907",NA
"1908",NA
"1909","kansas"
"1910","alabama"
"1911",NA
"1912",NA
"1913",NA
"1914",NA
"1915","minnesota"
"1916","kansas"
"1917","kansas"
"1918",NA
"1919","kansas"
"1920","texas"
"1921","massachusetts"
"1922",NA
"1923",NA
"1924",NA
"1925","massachusetts"
"1926","virginia"
"1927",NA
"1928",NA
"1929",NA
"1930","ohio"
"1931",NA
"1932","oklahoma"
"1933","georgia"
"1934","florida"
"1935","texas"
"1936",NA
"1937",NA
"1938","nebraska"
"1939",NA
"1940","minnesota"
"1941",NA
"1942",NA
"1943","massachusetts"
"1944","colorado"
"1945","tennessee"
"1946",NA
"1947","minnesota"
"1948","california"
"1949","kentucky"
"1950",NA
"1951",NA
"1952","new jersey"
"1953",NA
"1954","maryland"
"1955","rhode island"
"1956","kansas"
"1957","kansas"
"1958","michigan"
"1959","ohio"
"1960",NA
"1961","nebraska"
"1962","virginia"
"1963","new jersey"
"1964","north carolina"
"1965","new york"
"1966",NA
"1967","ohio"
"1968","ohio"
"1969","minnesota"
"1970",NA
"1971","kansas"
"1972",NA
"1973","virginia"
"1974","pennsylvania"
"1975","maryland"
"1976",NA
"1977","iowa"
"1978","texas"
"1979","virginia"
"1980","kansas"
"1981","california"
"1982",NA
"1983",NA
"1984","kansas"
"1985",NA
"1986","maryland"
"1987","ohio"
"1988","michigan"
"1989",NA
"1990",NA
"1991",NA
"1992","kansas"
"1993",NA
"1994",NA
"1995",NA
"1996","california"
"1997",NA
"1998",NA
"1999",NA
"2000","minnesota"
"2001","louisiana"
"2002",NA
"2003",NA
"2004","missouri"
"2005",NA
"2006","california"
"2007","california"
"2008",NA
"2009",NA
"2010",NA
"2011",NA
"2012","california"
"2013",NA
"2014","kansas"
"2015","virginia"
"2016",NA
"2017","kansas"
"2018","california"
"2019","minnesota"
"2020",NA
"2021",NA
"2022",NA
"2023","california"
"2024",NA
"2025","texas"
"2026",NA
"2027",NA
"2028",NA
"2029",NA
"2030","california"
"2031","texas"
"2032","pennsylvania"
"2033","south carolina"
"2034","kansas"
"2035","kansas"
"2036","california"
"2037",NA
"2038",NA
"2039",NA
"2040","south dakota"
"2041",NA
"2042","district of columbia"
"2043","arizona"
"2044","illinois"
"2045","texas"
"2046",NA
"2047","oklahoma"
"2048",NA
"2049","pennsylvania"
"2050","iowa"
"2051",NA
"2052",NA
"2053","kansas"
"2054","georgia"
"2055","texas"
"2056",NA
"2057",NA
"2058","california"
"2059",NA
"2060","kansas"
"2061",NA
"2062","wisconsin"
"2063","oregon"
"2064","missouri"
"2065",NA
"2066",NA
"2067",NA
"2068",NA
"2069","kansas"
"2070","kansas"
"2071","virginia"
"2072","florida"
"2073","wisconsin"
"2074",NA
"2075","illinois"
"2076","kansas"
"2077","virginia"
"2078",NA
"2079","massachusetts"
"2080",NA
"2081",NA
"2082","ohio"
"2083",NA
"2084","indiana"
"2085","nebraska"
"2086",NA
"2087",NA
"2088",NA
"2089",NA
"2090",NA
"2091","arizona"
"2092","illinois"
"2093","virginia"
"2094",NA
"2095",NA
"2096",NA
"2097","california"
"2098","texas"
"2099",NA
"2100","oregon"
"2101","pennsylvania"
"2102",NA
"2103",NA
"2104",NA
"2105",NA
"2106",NA
"2107",NA
"2108","kansas"
"2109",NA
"2110",NA
"2111","virginia"
"2112","kansas"
"2113","colorado"
"2114",NA
"2115","south carolina"
"2116","maryland"
"2117",NA
"2118",NA
"2119",NA
"2120","california"
"2121",NA
"2122",NA
"2123","kansas"
"2124",NA
"2125",NA
"2126","pennsylvania"
"2127","minnesota"
"2128","arizona"
"2129","georgia"
"2130","minnesota"
"2131",NA
"2132",NA
"2133","new york"
"2134",NA
"2135","georgia"
"2136",NA
"2137","california"
"2138",NA
"2139","north carolina"
"2140",NA
"2141","mississippi"
"2142","arizona"
"2143",NA
"2144",NA
"2145","illinois"
"2146","indiana"
"2147","georgia"
"2148",NA
"2149","california"
"2150",NA
"2151","kansas"
"2152",NA
"2153","minnesota"
"2154","utah"
"2155","texas"
"2156","minnesota"
"2157","georgia"
"2158",NA
"2159","washington"
"2160",NA
"2161","new jersey"
"2162","oregon"
"2163","oklahoma"
"2164","kentucky"
"2165",NA
"2166",NA
"2167","california"
"2168",NA
"2169","california"
"2170",NA
"2171",NA
"2172",NA
"2173","kansas"
"2174","california"
"2175",NA
"2176","new jersey"
"2177","texas"
"2178",NA
"2179",NA
"2180","oregon"
"2181","minnesota"
"2182","ohio"
"2183",NA
"2184",NA
"2185","kansas"
"2186","arizona"
"2187","district of columbia"
"2188",NA
"2189","oklahoma"
"2190",NA
"2191",NA
"2192",NA
"2193","ohio"
"2194","ohio"
"2195","illinois"
"2196",NA
"2197","ohio"
"2198","arizona"
"2199","california"
"2200","iowa"
"2201","kansas"
"2202","ohio"
"2203","west virginia"
"2204","indiana"
"2205","maryland"
"2206","wyoming"
"2207","illinois"
"2208","kansas"
"2209","minnesota"
"2210",NA
"2211","kansas"
"2212",NA
"2213","minnesota"
"2214","oregon"
"2215","kansas"
"2216","maryland"
"2217",NA
"2218",NA
"2219",NA
"2220","texas"
"2221","tennessee"
"2222",NA
"2223",NA
"2224",NA
"2225",NA
"2226","michigan"
"2227","texas"
"2228","district of columbia"
"2229",NA
"2230","massachusetts"
"2231","arizona"
"2232","illinois"
"2233","michigan"
"2234",NA
"2235","georgia"
"2236",NA
"2237","alabama"
"2238","california"
"2239",NA
"2240",NA
"2241","kansas"
"2242",NA
"2243",NA
"2244","california"
"2245","illinois"
"2246",NA
"2247",NA
"2248","florida"
"2249","georgia"
"2250",NA
"2251","ohio"
"2252","south carolina"
"2253",NA
"2254","california"
"2255",NA
"2256",NA
"2257",NA
"2258","illinois"
"2259",NA
"2260",NA
"2261","arizona"
"2262","oregon"
"2263","ohio"
"2264","pennsylvania"
"2265","ohio"
"2266","kansas"
"2267","kansas"
"2268","connecticut"
"2269","kansas"
"2270","illinois"
"2271",NA
"2272",NA
"2273","ohio"
"2274",NA
"2275",NA
"2276",NA
"2277","arkansas"
"2278","pennsylvania"
"2279","virginia"
"2280",NA
"2281","massachusetts"
"2282","pennsylvania"
"2283",NA
"2284","illinois"
"2285","california"
"2286",NA
"2287",NA
"2288","california"
"2289","kentucky"
"2290","louisiana"
"2291","pennsylvania"
"2292",NA
"2293","indiana"
"2294","florida"
"2295","maryland"
"2296",NA
"2297","new york"
"2298","district of columbia"
"2299","california"
"2300","new york"
"2301","indiana"
"2302",NA
"2303",NA
"2304","massachusetts"
"2305",NA
"2306","kentucky"
"2307","maine"
"2308","maryland"
"2309",NA
"2310","massachusetts"
"2311","connecticut"
"2312",NA
"2313",NA
"2314","indiana"
"2315",NA
"2316","new jersey"
"2317","nebraska"
"2318",NA
"2319","michigan"
"2320",NA
"2321",NA
"2322",NA
"2323","washington"
"2324","kansas"
"2325",NA
"2326",NA
"2327",NA
"2328",NA
"2329","pennsylvania"
"2330",NA
"2331","california"
"2332","california"
"2333","texas"
"2334",NA
"2335","kansas"
"2336","kansas"
"2337","tennessee"
"2338",NA
"2339",NA
"2340","connecticut"
"2341","colorado"
"2342","kansas"
"2343","south carolina"
"2344","kentucky"
"2345","kansas"
"2346","california"
"2347","oregon"
"2348","colorado"
"2349","kansas"
"2350","california"
"2351","maryland"
"2352","california"
"2353","indiana"
"2354",NA
"2355","georgia"
"2356",NA
"2357","kansas"
"2358","california"
"2359","wyoming"
"2360",NA
"2361","kentucky"
"2362",NA
"2363","illinois"
"2364",NA
"2365","oklahoma"
"2366","minnesota"
"2367",NA
"2368","tennessee"
"2369","california"
"2370","missouri"
"2371","arkansas"
"2372","colorado"
"2373",NA
"2374",NA
"2375","california"
"2376",NA
"2377","florida"
"2378","texas"
"2379","district of columbia"
"2380","ohio"
"2381","ohio"
"2382",NA
"2383","california"
"2384",NA
"2385","kansas"
"2386",NA
"2387","florida"
"2388","kansas"
"2389",NA
"2390","kansas"
"2391",NA
"2392",NA
"2393",NA
"2394",NA
"2395","kansas"
"2396","tennessee"
"2397","new jersey"
"2398","nevada"
"2399",NA
"2400","michigan"
"2401","new york"
"2402",NA
"2403","california"
"2404","oklahoma"
"2405","pennsylvania"
"2406","oklahoma"
"2407","kansas"
"2408","texas"
"2409","virginia"
"2410",NA
"2411","kansas"
"2412","kansas"
"2413",NA
"2414","georgia"
"2415",NA
"2416",NA
"2417","massachusetts"
"2418",NA
"2419",NA
"2420","new york"
"2421","california"
"2422",NA
"2423","iowa"
"2424",NA
"2425","california"
"2426","maryland"
"2427",NA
"2428","oklahoma"
"2429",NA
"2430","california"
"2431","california"
"2432","pennsylvania"
"2433","kansas"
"2434","wyoming"
"2435","arizona"
"2436","kansas"
"2437","minnesota"
"2438","texas"
"2439","illinois"
"2440","north carolina"
"2441","kansas"
"2442","oklahoma"
"2443","kansas"
"2444",NA
"2445","kansas"
"2446","kentucky"
"2447",NA
"2448","indiana"
"2449",NA
"2450",NA
"2451","oklahoma"
"2452","florida"
"2453","california"
"2454",NA
"2455","kansas"
"2456","ohio"
"2457","colorado"
"2458","wisconsin"
"2459","new jersey"
"2460","texas"
"2461","california"
"2462","arizona"
"2463","colorado"
"2464","oklahoma"
"2465","kansas"
"2466","kansas"
"2467","kansas"
"2468",NA
"2469","south carolina"
"2470","florida"
"2471",NA
"2472","ohio"
"2473","new york"
"2474","district of columbia"
"2475","wisconsin"
"2476","ohio"
"2477","illinois"
"2478","kansas"
"2479","florida"
"2480","pennsylvania"
"2481","kentucky"
"2482","idaho"
"2483","louisiana"
"2484","tennessee"
"2485","florida"
"2486","north carolina"
"2487","arizona"
"2488","texas"
"2489","kansas"
"2490","kansas"
"2491","kansas"
"2492","kansas"
"2493",NA
"2494","kansas"
"2495","texas"
"2496","michigan"
"2497","oregon"
"2498","oregon"
"2499","kansas"
"2500",NA
"2501","north carolina"
"2502",NA
"2503","kansas"
"2504","florida"
"2505","kentucky"
"2506","georgia"
"2507","new jersey"
"2508","arizona"
"2509","north carolina"
"2510","california"
"2511","kansas"
"2512","south carolina"
"2513",NA
"2514",NA
"2515","minnesota"
"2516","illinois"
"2517","arizona"
"2518","texas"
"2519","florida"
"2520","kansas"
"2521","kansas"
"2522","district of columbia"
"2523","kansas"
"2524","kansas"
"2525","michigan"
"2526","missouri"
"2527","california"
"2528",NA
"2529","missouri"
"2530","california"
"2531","arizona"
"2532","kansas"
"2533","california"
"2534","kansas"
"2535",NA
"2536","oklahoma"
"2537",NA
"2538","georgia"
"2539","new york"
"2540","alabama"
"2541","ohio"
"2542",NA
"2543",NA
"2544","maryland"
"2545","kansas"
"2546","virginia"
"2547","kansas"
"2548","arizona"
"2549","texas"
"2550","texas"
"2551","kansas"
"2552","texas"
"2553","kansas"
"2554","california"
"2555","south carolina"
"2556","arizona"
"2557","new york"
"2558","california"
"2559","arkansas"
"2560","arizona"
"2561","rhode island"
"2562","tennessee"
"2563","colorado"
"2564",NA
"2565","nebraska"
"2566","florida"
"2567","delaware"
"2568","california"
"2569","michigan"
"2570","georgia"
"2571","oregon"
"2572","texas"
"2573","texas"
"2574","north carolina"
"2575","kansas"
"2576","minnesota"
"2577",NA
"2578",NA
"2579","arkansas"
"2580","illinois"
"2581","virginia"
"2582","new york"
"2583",NA
"2584",NA
"2585","connecticut"
"2586","oklahoma"
"2587","kansas"
"2588","california"
"2589","california"
"2590","missouri"
"2591","minnesota"
"2592",NA
"2593",NA
"2594","california"
"2595","kansas"
"2596","north carolina"
"2597","tennessee"
"2598","kansas"
"2599",NA
"2600","iowa"
"2601","georgia"
"2602","texas"
"2603","california"
"2604","arkansas"
"2605",NA
"2606","kansas"
"2607","kansas"
"2608",NA
"2609","north carolina"
"2610","california"
"2611",NA
"2612","district of columbia"
"2613",NA
"2614","kansas"
"2615",NA
"2616","maryland"
"2617",NA
"2618","kansas"
"2619","nebraska"
"2620",NA
"2621",NA
"2622","kansas"
"2623","kansas"
"2624",NA
"2625",NA
"2626",NA
"2627","wyoming"
"2628","kansas"
"2629","kansas"
"2630","florida"
"2631","california"
"2632","kansas"
"2633",NA
"2634","colorado"
"2635","illinois"
"2636",NA
"2637","texas"
"2638",NA
"2639",NA
"2640",NA
"2641",NA
"2642","nevada"
"2643",NA
"2644","kentucky"
"2645","missouri"
"2646",NA
"2647","oklahoma"
"2648","california"
"2649","kansas"
"2650","north carolina"
"2651","oklahoma"
"2652","kansas"
"2653","montana"
"2654","kansas"
"2655",NA
"2656",NA
"2657","kentucky"
"2658",NA
"2659","new york"
"2660",NA
"2661","maryland"
"2662","georgia"
"2663",NA
"2664",NA
"2665",NA
"2666",NA
"2667","florida"
"2668","california"
"2669",NA
"2670",NA
"2671","arkansas"
"2672","kansas"
"2673",NA
"2674","connecticut"
"2675",NA
"2676","washington"
"2677",NA
"2678","alabama"
"2679","california"
"2680","washington"
"2681","wyoming"
"2682","district of columbia"
"2683",NA
"2684","kansas"
"2685","kansas"
"2686",NA
"2687","colorado"
"2688","missouri"
"2689",NA
"2690",NA
"2691","pennsylvania"
"2692",NA
"2693",NA
"2694","california"
"2695",NA
"2696",NA
"2697","nebraska"
"2698","maryland"
"2699",NA
"2700",NA
"2701","minnesota"
"2702",NA
"2703",NA
"2704",NA
"2705","massachusetts"
"2706","pennsylvania"
"2707","pennsylvania"
"2708",NA
"2709","california"
"2710",NA
"2711",NA
"2712","district of columbia"
"2713","massachusetts"
"2714","ohio"
"2715","kansas"
"2716",NA
"2717","california"
"2718",NA
"2719",NA
"2720",NA
"2721",NA
"2722",NA
"2723","louisiana"
"2724",NA
"2725",NA
"2726",NA
"2727",NA
"2728",NA
"2729",NA
"2730",NA
"2731","kansas"
"2732","california"
"2733","kansas"
"2734",NA
"2735",NA
"2736",NA
"2737","kansas"
"2738","illinois"
"2739",NA
"2740","oklahoma"
"2741","georgia"
"2742",NA
"2743",NA
"2744",NA
"2745",NA
"2746",NA
"2747","virginia"
"2748","texas"
"2749","arizona"
"2750","california"
"2751",NA
"2752",NA
"2753","michigan"
"2754",NA
"2755",NA
"2756","texas"
"2757",NA
"2758",NA
"2759",NA
"2760",NA
"2761","nebraska"
"2762",NA
"2763","iowa"
"2764","kansas"
"2765",NA
"2766",NA
"2767","south carolina"
"2768","kansas"
"2769","texas"
"2770",NA
"2771",NA
"2772",NA
"2773",NA
"2774",NA
"2775","california"
"2776","nebraska"
"2777","california"
"2778","kentucky"
"2779","district of columbia"
"2780",NA
"2781","maryland"
"2782",NA
"2783","oklahoma"
"2784",NA
"2785",NA
"2786","texas"
"2787",NA
"2788",NA
"2789",NA
"2790","missouri"
"2791","wyoming"
"2792","kentucky"
"2793","kansas"
"2794","pennsylvania"
"2795","kansas"
"2796","texas"
"2797",NA
"2798","iowa"
"2799","north dakota"
"2800","minnesota"
"2801","kansas"
"2802",NA
"2803",NA
"2804","new jersey"
"2805","kansas"
"2806",NA
"2807","texas"
"2808","california"
"2809","kentucky"
"2810","kentucky"
"2811","texas"
"2812",NA
"2813",NA
"2814","wisconsin"
"2815","kentucky"
"2816","kentucky"
"2817",NA
"2818","california"
"2819","new york"
"2820","kansas"
"2821","tennessee"
"2822",NA
"2823",NA
"2824",NA
"2825","california"
"2826",NA
"2827",NA
"2828","michigan"
"2829",NA
"2830",NA
"2831","texas"
"2832","florida"
"2833",NA
"2834",NA
"2835","texas"
"2836",NA
"2837",NA
"2838","missouri"
"2839",NA
"2840",NA
"2841","kansas"
"2842",NA
"2843","tennessee"
"2844","kentucky"
"2845","oklahoma"
"2846","florida"
"2847","california"
"2848","california"
"2849","alabama"
"2850",NA
"2851",NA
"2852",NA
"2853",NA
"2854","florida"
"2855","florida"
"2856","illinois"
"2857","north carolina"
"2858",NA
"2859","tennessee"
"2860",NA
"2861",NA
"2862",NA
"2863",NA
"2864",NA
"2865","missouri"
"2866",NA
"2867","nebraska"
"2868",NA
"2869","washington"
"2870",NA
"2871",NA
"2872","michigan"
"2873","illinois"
"2874",NA
"2875",NA
"2876",NA
"2877","south dakota"
"2878","new york"
"2879","kansas"
"2880","west virginia"
"2881","missouri"
"2882","kansas"
"2883","tennessee"
"2884","kentucky"
"2885","michigan"
"2886",NA
"2887",NA
"2888",NA
"2889","missouri"
"2890","missouri"
"2891","missouri"
"2892","missouri"
"2893","new jersey"
"2894","virginia"
"2895","kansas"
"2896",NA
"2897","tennessee"
"2898","new jersey"
"2899",NA
"2900","kansas"
"2901","north carolina"
"2902","nebraska"
"2903","new jersey"
"2904","utah"
"2905","texas"
"2906",NA
"2907",NA
"2908","arizona"
"2909",NA
"2910","south carolina"
"2911",NA
"2912","wisconsin"
"2913","wisconsin"
"2914","pennsylvania"
"2915","pennsylvania"
"2916",NA
"2917","california"
"2918","kansas"
"2919",NA
"2920",NA
"2921","california"
"2922",NA
"2923","new york"
"2924",NA
"2925",NA
"2926",NA
"2927","new hampshire"
"2928",NA
"2929",NA
"2930",NA
"2931",NA
"2932","california"
"2933","north carolina"
"2934","kansas"
"2935","minnesota"
"2936",NA
"2937","washington"
"2938","kansas"
"2939","texas"
"2940","california"
"2941","michigan"
"2942",NA
"2943",NA
"2944",NA
"2945",NA
"2946",NA
"2947","california"
"2948","arizona"
"2949",NA
"2950","wisconsin"
"2951","wisconsin"
"2952",NA
"2953","arkansas"
"2954",NA
"2955","district of columbia"
"2956",NA
"2957","kansas"
"2958","ohio"
"2959","tennessee"
"2960",NA
"2961",NA
"2962","arizona"
"2963",NA
"2964",NA
"2965",NA
"2966","vermont"
"2967","iowa"
"2968",NA
"2969",NA
"2970","massachusetts"
"2971",NA
"2972","indiana"
"2973",NA
"2974",NA
"2975",NA
"2976","minnesota"
"2977",NA
"2978","florida"
"2979","new jersey"
"2980","arizona"
"2981",NA
"2982",NA
"2983",NA
"2984",NA
"2985",NA
"2986","massachusetts"
"2987","tennessee"
"2988",NA
"2989",NA
"2990",NA
"2991",NA
"2992","oklahoma"
"2993","wisconsin"
"2994","kansas"
"2995","ohio"
"2996",NA
"2997",NA
"2998",NA
"2999",NA
"3000",NA
"3001",NA
"3002","ohio"
"3003",NA
"3004",NA
"3005","missouri"
"3006","georgia"
"3007",NA
"3008","west virginia"
"3009",NA
"3010",NA
"3011","wisconsin"
"3012",NA
"3013",NA
"3014",NA
"3015",NA
"3016","maryland"
"3017","illinois"
"3018","maryland"
"3019",NA
"3020",NA
"3021","virginia"
"3022","virginia"
"3023","kansas"
"3024","illinois"
"3025",NA
"3026","texas"
"3027","oregon"
"3028","massachusetts"
"3029","kansas"
"3030",NA
"3031","new york"
"3032",NA
"3033",NA
"3034","pennsylvania"
"3035","california"
"3036","california"
"3037","missouri"
"3038","california"
"3039","kansas"
"3040","new york"
"3041","massachusetts"
"3042",NA
"3043","new jersey"
"3044","indiana"
"3045","west virginia"
"3046","wisconsin"
"3047","pennsylvania"
"3048","missouri"
"3049",NA
"3050","california"
"3051",NA
"3052",NA
"3053","ohio"
"3054","arizona"
"3055","new york"
"3056","texas"
"3057","pennsylvania"
"3058","missouri"
"3059",NA
"3060","new york"
"3061","north carolina"
"3062",NA
"3063",NA
"3064",NA
"3065","kentucky"
"3066","montana"
"3067",NA
"3068",NA
"3069","minnesota"
"3070","kansas"
"3071","minnesota"
"3072","missouri"
"3073","texas"
"3074","washington"
"3075",NA
"3076","texas"
"3077",NA
"3078","alabama"
"3079",NA
"3080",NA
"3081","kansas"
"3082","wisconsin"
"3083","new jersey"
"3084","kansas"
"3085",NA
"3086",NA
"3087","missouri"
"3088",NA
"3089","wisconsin"
"3090","west virginia"
"3091","florida"
"3092",NA
"3093","new jersey"
"3094","north carolina"
"3095","new york"
"3096",NA
"3097","pennsylvania"
"3098","missouri"
"3099","kansas"
"3100",NA
"3101","california"
"3102","massachusetts"
"3103","kansas"
"3104","massachusetts"
"3105","connecticut"
"3106","kansas"
"3107",NA
"3108","massachusetts"
"3109",NA
"3110","massachusetts"
"3111","connecticut"
"3112",NA
"3113",NA
"3114","michigan"
"3115","texas"
"3116","maryland"
"3117",NA
"3118",NA
"3119","illinois"
"3120","colorado"
"3121","pennsylvania"
"3122","tennessee"
"3123",NA
"3124","oklahoma"
"3125","kentucky"
"3126","illinois"
"3127","ohio"
"3128","new york"
"3129","california"
"3130",NA
"3131","tennessee"
"3132","texas"
"3133",NA
"3134","kansas"
"3135","california"
"3136",NA
"3137","tennessee"
"3138","north carolina"
"3139",NA
"3140","district of columbia"
"3141","florida"
"3142",NA
"3143",NA
"3144","colorado"
"3145","iowa"
"3146","pennsylvania"
"3147","texas"
"3148",NA
"3149","new york"
"3150","california"
"3151","kansas"
"3152",NA
"3153","illinois"
"3154","new jersey"
"3155","kansas"
"3156",NA
"3157","virginia"
"3158","north carolina"
"3159","illinois"
"3160",NA
"3161","illinois"
"3162","arizona"
"3163","colorado"
"3164","georgia"
"3165","illinois"
"3166","texas"
"3167","massachusetts"
"3168","tennessee"
"3169","illinois"
"3170","kansas"
"3171","iowa"
"3172",NA
"3173",NA
"3174",NA
"3175","ohio"
"3176","missouri"
"3177","texas"
"3178","florida"
"3179","florida"
"3180",NA
"3181",NA
"3182","florida"
"3183",NA
"3184",NA
"3185",NA
"3186","kansas"
"3187","florida"
"3188",NA
"3189","oklahoma"
"3190",NA
"3191",NA
"3192",NA
"3193","west virginia"
"3194",NA
"3195","california"
"3196","new jersey"
"3197","utah"
"3198","kansas"
"3199","illinois"
"3200","pennsylvania"
"3201","illinois"
"3202","massachusetts"
"3203","new mexico"
"3204","missouri"
"3205",NA
"3206","pennsylvania"
"3207",NA
"3208",NA
"3209","north carolina"
"3210","tennessee"
"3211",NA
"3212",NA
"3213",NA
"3214","kentucky"
"3215","oklahoma"
"3216",NA
"3217","florida"
"3218",NA
"3219","kansas"
"3220","california"
"3221","iowa"
"3222",NA
"3223","new mexico"
"3224",NA
"3225","missouri"
"3226",NA
"3227",NA
"3228",NA
"3229","florida"
"3230",NA
"3231","california"
"3232","kansas"
"3233","indiana"
"3234","oklahoma"
"3235","oklahoma"
"3236","indiana"
"3237","indiana"
"3238",NA
"3239",NA
"3240",NA
"3241",NA
"3242",NA
"3243",NA
"3244","wisconsin"
"3245",NA
"3246",NA
"3247",NA
"3248",NA
"3249",NA
"3250","texas"
"3251",NA
"3252","new york"
"3253","kansas"
"3254","nevada"
"3255",NA
"3256",NA
"3257",NA
"3258",NA
"3259",NA
"3260","minnesota"
"3261",NA
"3262","mississippi"
"3263",NA
"3264",NA
"3265","new jersey"
"3266","kansas"
"3267",NA
"3268","alabama"
"3269",NA
"3270","california"
"3271",NA
"3272",NA
"3273",NA
"3274","missouri"
"3275",NA
"3276","florida"
"3277","california"
"3278","california"
"3279","california"
"3280","kansas"
"3281","district of columbia"
"3282",NA
"3283",NA
"3284",NA
"3285",NA
"3286","california"
"3287",NA
"3288",NA
"3289","kansas"
"3290","tennessee"
"3291","florida"
"3292","kansas"
"3293",NA
"3294",NA
"3295","georgia"
"3296",NA
"3297",NA
"3298","kansas"
"3299","maryland"
"3300","kansas"
"3301",NA
"3302","missouri"
"3303","nebraska"
"3304","utah"
"3305","kansas"
"3306","massachusetts"
"3307","massachusetts"
"3308","michigan"
"3309","california"
"3310","kansas"
"3311",NA
"3312",NA
"3313","florida"
"3314",NA
"3315",NA
"3316",NA
"3317","michigan"
"3318","west virginia"
"3319",NA
"3320","california"
